key1_id	key2_wkr_id	fraction	residents	error	method
2	2	0.999456	233783.1	0.000543	point
25	24	0.999656	234491.2	0.000344	point
7	7	0.994230	318513.3	0.005701	point
27	26	0.999890	229242.6	0.000110	point
25	26	0.000344	80.8	0.000000	point
27	24	0.000110	25.2	0.000000	point
26	25	0.999755	316601.1	0.000245	point
26	24	0.000072	22.8	0.000000	point
33	32	0.998778	318459.3	0.001219	point
33	25	0.000130	41.4	0.000000	point
26	32	0.000095	30.1	0.000000	point
28	27	0.998875	296540.0	0.001119	point
28	25	0.000020	6.0	0.000000	point
33	27	0.000835	266.2	0.000001	point
26	26	0.000068	21.6	0.000000	point
29	28	0.994446	297582.2	0.005519	point
28	26	0.000195	57.9	0.000000	point
28	28	0.000576	170.9	0.000000	point
29	27	0.003357	1004.6	0.000011	point
28	32	0.000334	99.3	0.000000	point
33	28	0.000145	46.2	0.000000	point
34	33	0.990757	247317.6	0.009146	point
39	38	0.998109	262319.2	0.001883	point
39	32	0.000769	202.2	0.000000	point
33	38	0.000112	35.8	0.000000	point
32	31	0.999629	319909.7	0.000371	point
32	38	0.000024	7.7	0.000000	point
32	25	0.000243	77.8	0.000000	point
26	31	0.000010	3.1	0.000000	point
90	88	0.999549	258309.3	0.000451	point
88	86	0.999240	261120.5	0.000760	point
89	87	0.999930	314070.1	0.000070	point
89	86	0.000015	4.6	0.000000	point
91	89	0.999866	274960.7	0.000134	point
88	87	0.000760	198.7	0.000000	point
89	88	0.000029	9.0	0.000000	point
112	110	0.998756	293686.7	0.001241	point
90	110	0.000139	36.0	0.000000	point
113	111	0.998732	313574.5	0.001265	point
112	111	0.000364	107.1	0.000000	point
127	125	0.999740	261421.0	0.000260	point
114	112	0.996780	257178.8	0.003202	point
113	125	0.000106	33.4	0.000000	point
114	111	0.000784	202.2	0.000001	point
113	112	0.001113	349.3	0.000002	point
114	125	0.000400	103.3	0.000000	point
118	116	0.994885	273370.8	0.004987	point
114	116	0.001873	483.2	0.000003	point
118	112	0.000052	14.4	0.000000	point
117	116	0.015476	3401.5	0.000186	point
117	115	0.981944	215827.2	0.014911	point
125	123	0.999815	276504.4	0.000185	point
127	123	0.000119	31.0	0.000000	point
128	126	0.998250	249285.8	0.001745	point
128	125	0.000066	16.5	0.000000	point
127	126	0.000130	33.9	0.000000	point
126	124	0.991119	265420.9	0.008738	point
126	125	0.000569	152.5	0.000000	point
127	124	0.000012	3.2	0.000000	point
126	112	0.000066	17.8	0.000000	point
114	124	0.000040	10.4	0.000000	point
118	124	0.003390	931.6	0.000012	point
124	122	0.992588	259859.6	0.007241	point
126	122	0.008040	2153.2	0.000065	point
120	124	0.001138	290.5	0.000001	point
124	124	0.002568	672.4	0.000006	point
123	121	0.998607	249911.6	0.001385	point
124	121	0.003133	820.3	0.000010	point
123	122	0.000002	0.5	0.000000	point
126	121	0.000098	26.3	0.000000	point
123	124	0.000039	9.8	0.000000	point
122	121	0.000997	215.7	0.000001	point
122	120	0.997850	215991.6	0.002132	point
123	120	0.000984	246.2	0.000001	point
142	140	0.945333	238583.4	0.051209	point
124	140	0.000258	67.5	0.000000	point
142	121	0.000009	2.2	0.000000	point
142	120	0.001328	335.2	0.000002	point
122	140	0.000007	1.6	0.000000	point
123	126	0.000368	92.0	0.000000	point
128	123	0.000360	90.0	0.000000	point
125	31	0.000082	22.8	0.000000	point
125	125	0.000016	4.3	0.000000	point
129	127	0.996663	249090.2	0.003314	point
32	127	0.000057	18.3	0.000000	point
32	123	0.000047	14.9	0.000000	point
129	123	0.000113	28.3	0.000000	point
125	127	0.000087	24.1	0.000000	point
128	127	0.000137	34.3	0.000000	point
131	129	0.999026	278405.4	0.000972	point
131	127	0.000110	30.6	0.000000	point
129	38	0.000225	56.3	0.000000	point
40	39	0.996243	256414.1	0.003732	point
129	39	0.002991	747.5	0.000009	point
40	38	0.000948	244.1	0.000001	point
135	33	0.000477	127.8	0.000000	point
135	133	0.998706	267653.1	0.001290	point
135	38	0.000009	2.4	0.000000	point
39	133	0.000487	127.9	0.000000	point
39	39	0.000229	60.1	0.000000	point
132	130	0.998598	320945.7	0.001399	point
132	38	0.000412	132.5	0.000000	point
133	130	0.000382	130.0	0.000000	point
133	131	0.997697	339920.2	0.002291	point
133	38	0.000109	37.2	0.000000	point
132	131	0.000715	229.8	0.000000	point
39	130	0.000034	9.0	0.000000	point
131	38	0.000177	49.2	0.000000	point
40	127	0.002809	723.0	0.000008	point
39	127	0.000055	14.5	0.000000	point
131	130	0.000453	126.3	0.000000	point
132	129	0.000013	4.2	0.000000	point
147	145	0.998812	297371.3	0.001187	point
147	129	0.000189	56.3	0.000000	point
147	130	0.000107	31.9	0.000000	point
132	145	0.000025	8.1	0.000000	point
131	145	0.000040	11.1	0.000000	point
146	144	0.998962	318468.7	0.001032	point
147	144	0.000233	69.3	0.000000	point
146	129	0.000145	46.1	0.000000	point
146	145	0.000013	4.0	0.000000	point
145	143	0.996584	251053.0	0.003394	point
145	144	0.002864	721.4	0.000006	point
144	143	0.002246	575.3	0.000005	point
144	142	0.983265	251877.6	0.013502	point
145	142	0.000466	117.5	0.000000	point
146	126	0.000231	73.7	0.000000	point
128	129	0.000072	18.1	0.000000	point
131	144	0.000045	12.5	0.000000	point
130	128	0.999591	303463.3	0.000409	point
131	128	0.000150	41.7	0.000000	point
130	129	0.000217	65.9	0.000000	point
130	127	0.000050	15.1	0.000000	point
128	128	0.000304	75.8	0.000000	point
130	126	0.000143	43.3	0.000000	point
129	128	0.000007	1.8	0.000000	point
128	144	0.000810	202.3	0.000001	point
144	144	0.001790	458.6	0.000003	point
146	143	0.000015	4.7	0.000000	point
146	142	0.000551	175.7	0.000000	point
143	142	0.160768	54748.0	0.024065	point
143	141	0.836852	284981.4	0.133695	point
143	120	0.002054	699.4	0.000007	point
143	144	0.000290	98.7	0.000000	point
146	141	0.000005	1.6	0.000000	point
122	144	0.000055	12.0	0.000000	point
146	120	0.000079	25.1	0.000000	point
122	141	0.001090	236.0	0.000001	point
140	138	0.993222	216867.6	0.006691	point
140	141	0.002991	653.1	0.000007	point
142	141	0.007532	1901.0	0.000049	point
142	138	0.000082	20.7	0.000000	point
140	140	0.001841	401.9	0.000003	point
143	138	0.000020	6.9	0.000000	point
139	138	0.002207	630.0	0.000006	point
139	137	0.997603	284754.7	0.002386	point
140	142	0.000120	26.1	0.000000	point
144	141	0.012698	3252.9	0.000140	point
145	137	0.000028	7.0	0.000000	point
139	142	0.000001	0.4	0.000000	point
139	143	0.000055	15.6	0.000000	point
151	143	0.000810	216.9	0.000001	point
151	149	0.998801	267304.1	0.001198	point
139	149	0.000064	18.4	0.000000	point
151	137	0.000005	1.3	0.000000	point
150	148	0.999599	273784.2	0.000401	point
140	137	0.000236	51.5	0.000000	point
100	98	0.999081	271438.3	0.000917	point
100	137	0.000114	31.1	0.000000	point
100	148	0.000544	147.9	0.000000	point
150	98	0.000142	39.0	0.000000	point
150	137	0.000068	18.5	0.000000	point
151	148	0.000331	88.6	0.000000	point
150	149	0.000191	52.4	0.000000	point
145	149	0.000010	2.5	0.000000	point
151	145	0.000034	9.0	0.000000	point
145	145	0.000048	12.2	0.000000	point
147	143	0.000003	1.0	0.000000	point
148	146	0.999933	259664.7	0.000067	point
151	146	0.000019	5.2	0.000000	point
148	149	0.000023	6.0	0.000000	point
148	145	0.000012	3.0	0.000000	point
148	148	0.000008	2.0	0.000000	point
149	147	0.999585	272637.2	0.000413	point
149	148	0.000011	3.1	0.000000	point
198	147	0.001867	594.3	0.000004	point
198	196	0.995730	317017.6	0.004248	point
149	196	0.000148	40.4	0.000000	point
173	171	0.999137	273527.5	0.000862	point
173	147	0.000085	23.2	0.000000	point
172	170	0.999963	240467.2	0.000037	point
149	171	0.000136	37.0	0.000000	point
176	175	0.999322	253476.3	0.000677	point
176	171	0.000120	30.5	0.000000	point
205	203	0.996910	278031.0	0.003074	point
178	175	0.000150	44.5	0.000000	point
178	177	0.999472	296396.6	0.000526	point
178	203	0.000317	93.9	0.000000	point
205	147	0.000001	0.2	0.000000	point
205	196	0.000369	102.9	0.000000	point
198	203	0.000373	118.9	0.000000	point
198	98	0.000063	20.0	0.000000	point
198	148	0.000038	12.1	0.000000	point
98	98	0.001034	327.6	0.000001	point
98	96	0.997385	316134.8	0.002601	point
100	96	0.000119	32.4	0.000000	point
98	196	0.000258	81.8	0.000000	point
198	96	0.000711	226.3	0.000001	point
101	99	0.996880	279417.1	0.003081	point
98	99	0.001235	391.5	0.000002	point
99	97	0.990332	281125.5	0.009553	point
99	196	0.000208	59.1	0.000000	point
198	97	0.000062	19.8	0.000000	point
199	197	0.999840	247913.6	0.000160	point
99	96	0.002140	607.4	0.000004	point
199	95	0.000018	4.4	0.000000	point
97	95	0.998394	320194.2	0.001595	point
97	197	0.000008	2.7	0.000000	point
99	95	0.005843	1658.6	0.000030	point
97	97	0.001598	512.4	0.000003	point
93	197	0.000032	10.4	0.000000	point
93	91	0.999433	326569.5	0.000566	point
93	97	0.000337	110.2	0.000000	point
99	91	0.001477	419.4	0.000002	point
94	92	0.795025	253034.4	0.147713	point
94	93	0.115768	36845.9	0.012233	point
95	93	0.947308	259350.9	0.041987	point
93	93	0.000003	0.9	0.000000	point
92	90	0.998929	340744.3	0.001070	point
93	90	0.000166	54.4	0.000000	point
92	93	0.001028	350.5	0.000001	point
95	90	0.000022	6.0	0.000000	point
95	92	0.052670	14419.7	0.002577	point
94	94	0.086589	27559.0	0.007487	point
96	94	0.948914	260548.2	0.043384	point
96	93	0.042869	11770.8	0.001566	point
102	94	0.009471	3022.7	0.000097	point
102	100	0.955773	305030.3	0.042228	point
94	100	0.000701	223.0	0.000001	point
102	92	0.029415	9387.8	0.000960	point
96	92	0.008103	2224.8	0.000064	point
102	99	0.005106	1629.6	0.000029	point
94	99	0.001917	610.1	0.000004	point
101	92	0.000210	59.0	0.000000	point
101	100	0.000321	89.9	0.000000	point
98	92	0.000089	28.1	0.000000	point
101	96	0.000354	99.1	0.000000	point
100	99	0.000055	15.0	0.000000	point
101	98	0.000634	177.6	0.000000	point
101	102	0.001347	377.5	0.000002	point
104	102	0.991110	319737.2	0.008785	point
104	99	0.000060	19.4	0.000000	point
104	101	0.006278	2025.4	0.000040	point
103	101	0.995303	311170.7	0.004643	point
103	102	0.000946	295.8	0.000001	point
104	98	0.000044	14.1	0.000000	point
100	102	0.000086	23.4	0.000000	point
103	98	0.000003	1.0	0.000000	point
103	137	0.001531	478.7	0.000003	point
139	101	0.000056	16.0	0.000000	point
139	98	0.000013	3.7	0.000000	point
103	138	0.000970	303.4	0.000001	point
141	138	0.000137	35.4	0.000000	point
141	139	0.990412	256095.3	0.009066	point
141	140	0.006616	1710.8	0.000047	point
143	140	0.000016	5.3	0.000000	point
142	139	0.045716	11537.8	0.001876	point
140	139	0.000895	195.5	0.000001	point
120	139	0.000212	54.2	0.000000	point
141	122	0.002761	713.9	0.000007	point
124	139	0.001452	380.2	0.000002	point
120	118	0.866066	221095.2	0.105703	point
120	122	0.005065	1293.0	0.000025	point
120	119	0.127460	32538.8	0.014548	point
141	118	0.000074	19.2	0.000000	point
120	138	0.000060	15.2	0.000000	point
140	119	0.000600	131.1	0.000000	point
121	138	0.000790	185.9	0.000001	point
121	119	0.911697	214671.1	0.069477	point
106	104	0.995985	215848.6	0.003982	point
106	119	0.001304	282.7	0.000001	point
106	138	0.000643	139.3	0.000000	point
140	104	0.000069	15.0	0.000000	point
103	104	0.001173	366.6	0.000002	point
140	101	0.000027	5.8	0.000000	point
106	101	0.000109	23.6	0.000000	point
105	104	0.000299	80.8	0.000000	point
105	103	0.996160	269251.5	0.003804	point
106	103	0.001474	319.4	0.000002	point
121	118	0.076856	18096.8	0.005292	point
121	117	0.010658	2509.5	0.000105	point
119	117	0.975392	247974.2	0.023724	point
119	118	0.013423	3412.5	0.000186	point
119	124	0.000120	30.6	0.000000	point
119	119	0.004424	1124.6	0.000020	point
119	116	0.006602	1678.4	0.000039	point
118	117	0.000156	42.9	0.000000	point
126	116	0.000106	28.5	0.000000	point
118	115	0.001516	416.6	0.000002	point
116	115	0.138658	39516.0	0.018391	point
116	117	0.000959	273.4	0.000001	point
116	114	0.859249	244876.0	0.120690	point
119	104	0.000040	10.1	0.000000	point
106	117	0.000421	91.2	0.000000	point
107	105	0.998202	290949.0	0.001593	point
106	105	0.000064	13.9	0.000000	point
107	104	0.001494	435.4	0.000003	point
105	105	0.000132	35.6	0.000000	point
108	105	0.112900	36135.7	0.011037	point
107	103	0.000052	15.1	0.000000	point
108	106	0.886506	283741.7	0.100417	point
109	107	0.998220	295959.9	0.001776	point
108	103	0.000594	190.2	0.000000	point
105	106	0.002058	556.3	0.000004	point
103	103	0.000074	23.1	0.000000	point
105	101	0.000480	129.7	0.000000	point
104	103	0.002507	808.9	0.000007	point
105	102	0.000814	220.1	0.000001	point
101	103	0.000255	71.4	0.000000	point
105	99	0.000057	15.3	0.000000	point
102	103	0.000234	74.7	0.000000	point
96	107	0.000114	31.4	0.000000	point
92	107	0.000029	10.0	0.000000	point
111	109	0.831162	274106.1	0.139481	point
111	107	0.000038	12.4	0.000000	point
111	110	0.000682	224.9	0.000001	point
109	109	0.000904	268.0	0.000001	point
111	105	0.001523	502.2	0.000002	point
109	105	0.000876	259.6	0.000001	point
107	107	0.000000	0.1	0.000000	point
107	114	0.000253	73.6	0.000000	point
116	105	0.000011	3.1	0.000000	point
115	114	0.001540	286.7	0.000002	point
115	113	0.987550	183881.0	0.009445	point
115	115	0.004650	865.9	0.000016	point
116	113	0.001123	320.0	0.000001	point
117	113	0.001468	322.7	0.000002	point
117	112	0.001112	244.5	0.000001	point
115	112	0.000271	50.4	0.000000	point
114	113	0.000123	31.8	0.000000	point
111	113	0.166110	54780.7	0.031700	point
115	109	0.005893	1097.2	0.000023	point
111	114	0.000445	146.8	0.000000	point
112	109	0.000778	228.7	0.000001	point
115	110	0.000088	16.4	0.000000	point
112	113	0.000054	15.9	0.000000	point
113	113	0.000049	15.5	0.000000	point
115	111	0.000009	1.6	0.000000	point
110	108	0.999176	263835.8	0.000823	point
110	110	0.000528	139.4	0.000000	point
112	108	0.000048	14.1	0.000000	point
90	108	0.000312	80.6	0.000000	point
111	108	0.000041	13.4	0.000000	point
110	109	0.000296	78.1	0.000000	point
91	90	0.000026	7.1	0.000000	point
91	88	0.000011	3.0	0.000000	point
89	89	0.000027	8.4	0.000000	point
92	91	0.000014	4.8	0.000000	point
91	87	0.000097	26.7	0.000000	point
203	201	0.999637	214518.6	0.000363	point
93	201	0.000029	9.5	0.000000	point
203	91	0.000153	32.9	0.000000	point
199	91	0.000016	4.0	0.000000	point
204	202	0.999448	249160.5	0.000549	point
297	297	0.999806	276586.2	0.000194	point
297	202	0.000027	7.6	0.000000	point
298	298	0.999606	214917.8	0.000394	point
204	201	0.000004	1.0	0.000000	point
201	199	0.994621	220081.8	0.005339	point
201	201	0.000429	94.9	0.000000	point
204	199	0.000548	136.6	0.000000	point
201	202	0.004803	1062.8	0.000020	point
202	200	0.999770	245480.0	0.000230	point
202	202	0.000063	15.5	0.000000	point
210	208	0.999489	295625.9	0.000509	point
210	298	0.000030	9.0	0.000000	point
298	208	0.000178	38.3	0.000000	point
202	199	0.000078	19.1	0.000000	point
199	199	0.000008	1.9	0.000000	point
203	199	0.000210	45.0	0.000000	point
201	197	0.000067	14.9	0.000000	point
200	198	0.997499	258854.5	0.002490	point
200	197	0.000079	20.5	0.000000	point
199	198	0.000118	29.3	0.000000	point
200	196	0.000063	16.4	0.000000	point
198	198	0.001156	368.2	0.000002	point
200	199	0.000920	238.8	0.000001	point
201	198	0.000080	17.6	0.000000	point
206	204	0.960757	350959.0	0.037702	point
206	199	0.000048	17.4	0.000000	point
178	198	0.000013	4.0	0.000000	point
200	203	0.001439	373.3	0.000002	point
205	198	0.000099	27.5	0.000000	point
205	177	0.002622	731.3	0.000006	point
179	178	0.999743	284097.7	0.000257	point
179	177	0.000021	6.1	0.000000	point
181	180	0.999403	282680.3	0.000596	point
178	180	0.000028	8.2	0.000000	point
179	180	0.000236	67.0	0.000000	point
181	178	0.000402	113.7	0.000000	point
184	183	0.999983	264326.6	0.000017	point
178	178	0.000020	6.0	0.000000	point
206	205	0.039195	14317.8	0.001865	point
202	205	0.000075	18.4	0.000000	point
210	205	0.000073	21.6	0.000000	point
207	205	0.999938	274624.4	0.000058	point
207	208	0.000011	3.0	0.000000	point
207	204	0.000012	3.2	0.000000	point
207	183	0.000011	3.0	0.000000	point
209	207	0.997165	287937.6	0.002824	point
188	187	0.996707	270580.5	0.003278	point
207	206	0.000028	7.7	0.000000	point
208	205	0.000486	157.1	0.000000	point
208	206	0.999477	323032.9	0.000522	point
209	206	0.002425	700.2	0.000005	point
208	207	0.000037	11.9	0.000000	point
210	207	0.000298	88.1	0.000000	point
209	208	0.000410	118.5	0.000000	point
210	200	0.000109	32.3	0.000000	point
202	204	0.000014	3.4	0.000000	point
202	208	0.000000	0.1	0.000000	point
211	209	0.999281	215305.2	0.000718	point
211	208	0.000618	133.2	0.000000	point
299	208	0.000856	208.3	0.000001	point
299	299	0.997772	242721.9	0.002221	point
211	299	0.000041	8.9	0.000000	point
299	209	0.000037	9.0	0.000000	point
212	210	0.999372	289745.1	0.000628	point
211	207	0.000052	11.3	0.000000	point
211	210	0.000007	1.5	0.000000	point
212	207	0.000628	182.1	0.000000	point
272	272	0.998639	289661.9	0.001359	point
271	271	0.999513	304794.7	0.000486	point
271	272	0.000487	148.5	0.000000	point
272	271	0.000664	192.6	0.000000	point
273	273	0.999410	285544.5	0.000590	point
273	272	0.000132	37.8	0.000000	point
272	273	0.000010	3.0	0.000000	point
284	284	0.999778	281941.1	0.000222	point
273	284	0.000012	3.3	0.000000	point
284	273	0.000222	62.7	0.000000	point
280	280	0.999733	278873.5	0.000266	point
280	273	0.000030	8.5	0.000000	point
273	280	0.000447	127.6	0.000000	point
283	284	0.000682	205.2	0.000000	point
283	283	0.999171	300844.4	0.000829	point
296	296	0.999172	269827.3	0.000827	point
299	298	0.000983	239.1	0.000001	point
296	299	0.000397	107.2	0.000000	point
299	296	0.000351	85.5	0.000000	point
298	299	0.000167	35.8	0.000000	point
296	298	0.000332	89.7	0.000000	point
296	297	0.000099	26.7	0.000000	point
297	296	0.000029	7.9	0.000000	point
298	297	0.000050	10.7	0.000000	point
297	298	0.000138	38.3	0.000000	point
288	288	0.999847	247663.3	0.000152	point
282	282	0.999961	330216.5	0.000039	point
288	282	0.000006	1.5	0.000000	point
282	288	0.000039	12.9	0.000000	point
281	281	0.996700	323147.9	0.003289	point
281	288	0.003297	1069.0	0.000014	point
281	282	0.000003	0.9	0.000000	point
283	288	0.000025	7.6	0.000000	point
283	286	0.000123	36.9	0.000000	point
288	283	0.000034	8.4	0.000000	point
286	286	0.999462	230339.7	0.000537	point
288	286	0.000113	27.9	0.000000	point
286	288	0.000049	11.3	0.000000	point
285	285	0.999859	281068.9	0.000141	point
286	285	0.000369	85.0	0.000000	point
285	286	0.000035	9.7	0.000000	point
286	283	0.000032	7.3	0.000000	point
286	280	0.000070	16.2	0.000000	point
285	280	0.000085	23.8	0.000000	point
287	287	0.999949	285495.1	0.000051	point
287	285	0.000010	2.9	0.000000	point
295	295	0.999707	251587.1	0.000293	point
290	290	0.999935	278958.9	0.000065	point
295	290	0.000154	38.7	0.000000	point
289	289	0.999121	289419.2	0.000878	point
289	290	0.000601	174.0	0.000000	point
295	292	0.000087	21.8	0.000000	point
292	292	0.998912	232184.4	0.001087	point
294	294	0.998596	254539.1	0.001398	point
294	295	0.000098	25.0	0.000000	point
295	294	0.000010	2.4	0.000000	point
293	293	0.998187	233556.4	0.001810	point
295	293	0.000043	10.8	0.000000	point
293	295	0.000028	6.6	0.000000	point
287	293	0.000041	11.7	0.000000	point
285	295	0.000022	6.2	0.000000	point
293	287	0.000026	6.0	0.000000	point
286	287	0.000018	4.1	0.000000	point
256	256	0.998752	296617.5	0.001245	point
257	257	0.550939	184410.7	0.214217	point
257	256	0.000038	12.6	0.000000	point
256	257	0.000032	9.6	0.000000	point
257	255	0.448952	150273.6	0.175628	point
256	294	0.001132	336.2	0.000001	point
294	256	0.000988	251.8	0.000001	point
256	255	0.000048	14.2	0.000000	point
294	255	0.000062	15.9	0.000000	point
257	294	0.000003	1.1	0.000000	point
293	256	0.000074	17.2	0.000000	point
256	293	0.000036	10.6	0.000000	point
293	294	0.001686	394.5	0.000003	point
294	293	0.000105	26.7	0.000000	point
292	294	0.000142	33.1	0.000000	point
294	292	0.000151	38.4	0.000000	point
291	291	0.999560	324921.2	0.000440	point
292	291	0.000056	13.1	0.000000	point
255	291	0.000446	152.1	0.000000	point
255	254	0.897434	305852.5	0.091987	point
291	254	0.000440	143.1	0.000000	point
255	255	0.102119	34803.1	0.015075	point
292	255	0.000656	152.4	0.000000	point
292	254	0.000234	54.3	0.000000	point
253	252	0.834037	283669.0	0.125092	point
253	255	0.077678	26419.6	0.008942	point
253	257	0.082693	28125.1	0.010017	point
252	252	0.093930	30175.0	0.008182	point
252	251	0.906070	291073.4	0.084557	point
253	251	0.005568	1893.9	0.000036	point
226	223	0.347219	120106.6	0.091673	point
226	252	0.000105	36.3	0.000000	point
216	214	0.889796	324232.3	0.097914	point
226	257	0.001258	435.3	0.000003	point
226	225	0.651254	225275.5	0.227064	point
257	225	0.000068	22.8	0.000000	point
224	222	0.632523	224688.6	0.232396	point
226	222	0.000092	31.9	0.000000	point
224	225	0.000097	34.4	0.000000	point
224	223	0.366992	130365.2	0.101984	point
222	220	0.962795	347051.8	0.035498	point
222	222	0.000024	8.6	0.000000	point
224	220	0.000298	105.8	0.000000	point
220	218	0.983745	293632.3	0.013854	point
222	218	0.009367	3376.4	0.000092	point
220	220	0.001560	465.7	0.000002	point
221	218	0.066186	28279.8	0.005157	point
221	219	0.859149	367093.1	0.116420	point
222	223	0.018491	6665.4	0.000407	point
216	223	0.109268	39816.0	0.013050	point
226	214	0.000071	24.6	0.000000	point
253	214	0.000009	3.2	0.000000	point
221	223	0.000012	5.3	0.000000	point
216	219	0.000619	225.5	0.000000	point
221	214	0.001028	439.1	0.000001	point
222	219	0.003210	1157.1	0.000010	point
221	220	0.000081	34.5	0.000000	point
221	216	0.019866	8488.4	0.000454	point
218	216	0.977459	355344.4	0.021518	point
218	219	0.016709	6074.3	0.000262	point
216	216	0.000026	9.5	0.000000	point
216	220	0.000146	53.3	0.000000	point
222	214	0.000037	13.2	0.000000	point
215	213	0.998666	306941.8	0.001214	point
216	213	0.000129	46.9	0.000000	point
215	220	0.000061	18.8	0.000000	point
214	212	0.999014	277634.5	0.000981	point
215	212	0.000141	43.4	0.000000	point
214	213	0.000169	47.1	0.000000	point
222	212	0.003021	1089.1	0.000012	point
219	217	0.940022	362725.6	0.052002	point
219	220	0.006428	2480.3	0.000045	point
222	217	0.003055	1101.3	0.000009	point
218	217	0.005823	2117.0	0.000031	point
218	220	0.000009	3.2	0.000000	point
221	217	0.053678	22935.2	0.002962	point
219	219	0.018202	7023.4	0.000329	point
220	217	0.014695	4386.1	0.000161	point
219	218	0.035348	13639.8	0.001372	point
223	221	0.999204	316153.9	0.000795	point
224	221	0.000090	32.1	0.000000	point
223	212	0.000097	30.8	0.000000	point
213	211	0.997964	230375.1	0.002030	point
214	211	0.000193	53.6	0.000000	point
213	212	0.000162	37.4	0.000000	point
223	211	0.000216	68.4	0.000000	point
228	227	0.963278	336764.5	0.035325	point
213	227	0.000245	56.6	0.000000	point
214	227	0.000476	132.4	0.000000	point
225	224	0.999335	272899.0	0.000665	point
213	224	0.000035	8.0	0.000000	point
225	211	0.000152	41.4	0.000000	point
225	221	0.000514	140.3	0.000000	point
223	224	0.000483	152.8	0.000000	point
213	221	0.000015	3.5	0.000000	point
214	221	0.000147	40.9	0.000000	point
230	229	0.999085	215296.6	0.000861	point
213	229	0.001579	364.4	0.000003	point
230	211	0.000019	4.1	0.000000	point
230	228	0.000496	106.9	0.000000	point
229	228	0.943315	228676.9	0.053432	point
229	229	0.000056	13.5	0.000000	point
64	63	0.997191	230864.3	0.002770	point
65	64	0.999930	204308.7	0.000070	point
158	156	0.999695	245471.9	0.000305	point
158	64	0.000218	53.6	0.000000	point
157	156	0.000309	76.8	0.000000	point
157	155	0.999407	248078.0	0.000592	point
159	157	0.997184	243156.6	0.002807	point
159	158	0.000741	180.8	0.000000	point
160	158	0.982912	281690.1	0.015708	point
160	159	0.017088	4897.1	0.000271	point
161	159	0.936817	297995.7	0.058093	point
159	159	0.001756	428.1	0.000002	point
161	157	0.000070	22.2	0.000000	point
159	155	0.000156	38.1	0.000000	point
161	155	0.000507	161.2	0.000000	point
161	158	0.060728	19317.3	0.003658	point
161	154	0.001878	597.4	0.000005	point
156	154	0.997345	238679.6	0.002640	point
156	159	0.001269	303.8	0.000001	point
66	65	0.997005	191089.1	0.002755	point
156	65	0.001334	319.3	0.000002	point
66	155	0.000515	98.8	0.000000	point
157	64	0.000284	70.4	0.000000	point
158	155	0.000087	21.3	0.000000	point
65	65	0.000033	6.7	0.000000	point
63	62	0.927457	292293.3	0.065160	point
63	64	0.000026	8.2	0.000000	point
65	62	0.000037	7.6	0.000000	point
63	63	0.000402	126.7	0.000000	point
60	59	0.846656	278914.7	0.127301	point
64	59	0.001458	337.5	0.000002	point
64	62	0.000019	4.3	0.000000	point
60	63	0.000022	7.1	0.000000	point
85	63	0.008912	2455.6	0.000093	point
64	83	0.001333	308.6	0.000001	point
85	83	0.964166	265674.9	0.033352	point
86	59	0.013293	3285.6	0.000151	point
86	84	0.986707	243885.6	0.011915	point
60	84	0.040995	13505.0	0.001978	point
63	83	0.007475	2355.9	0.000064	point
85	62	0.000154	42.4	0.000000	point
63	65	0.049824	15702.3	0.003589	point
66	64	0.000171	32.7	0.000000	point
66	62	0.000107	20.6	0.000000	point
152	150	0.999369	198534.1	0.000628	point
71	70	0.999939	197883.0	0.000043	point
71	65	0.000061	12.0	0.000000	point
66	70	0.002170	415.9	0.000003	point
61	60	0.978540	224248.5	0.018756	point
63	81	0.010552	3325.4	0.000114	point
83	81	0.900606	295107.2	0.087035	point
83	83	0.020698	6782.1	0.000499	point
85	59	0.000156	43.1	0.000000	point
85	84	0.007095	1955.1	0.000051	point
87	59	0.002999	831.6	0.000009	point
87	85	0.920642	255246.9	0.064338	point
87	84	0.032897	9120.6	0.001081	point
85	85	0.019407	5347.5	0.000351	point
87	83	0.000001	0.2	0.000000	point
85	81	0.000024	6.7	0.000000	point
84	82	0.790563	270404.2	0.134078	point
85	82	0.000085	23.5	0.000000	point
84	83	0.000279	95.4	0.000000	point
83	82	0.044385	14543.9	0.001847	point
84	85	0.083612	28598.7	0.007560	point
87	75	0.043421	12038.5	0.001517	point
77	75	0.900301	271325.7	0.073881	point
77	85	0.002183	657.8	0.000005	point
84	75	0.030519	10438.8	0.000937	point
77	82	0.093270	28109.0	0.007119	point
87	82	0.000039	10.9	0.000000	point
76	82	0.045961	20046.4	0.002632	point
76	74	0.794260	346429.0	0.157548	point
76	75	0.078908	34416.8	0.007588	point
76	76	0.062720	27356.4	0.006354	point
78	76	0.990217	222959.6	0.008533	point
78	75	0.005842	1315.4	0.000023	point
84	74	0.029020	9926.1	0.000778	point
84	80	0.060081	20550.0	0.003530	point
82	80	0.799986	270485.5	0.131640	point
82	82	0.002323	785.5	0.000005	point
84	81	0.005925	2026.7	0.000039	point
83	80	0.034311	11243.0	0.001133	point
82	78	0.079363	26833.5	0.006640	point
62	80	0.003640	1262.9	0.000014	point
82	81	0.009022	3050.5	0.000090	point
82	62	0.000083	28.1	0.000000	point
63	80	0.004265	1344.0	0.000017	point
62	62	0.026829	9309.2	0.000805	point
62	61	0.881879	305994.4	0.104012	point
62	78	0.009827	3409.9	0.000112	point
80	78	0.851436	265044.5	0.113537	point
80	80	0.058139	18098.3	0.003014	point
82	79	0.109222	36929.5	0.012545	point
80	79	0.089169	27757.5	0.007871	point
81	79	0.823234	220093.6	0.111826	point
76	79	0.003733	1628.4	0.000021	point
76	80	0.013278	5791.4	0.000231	point
81	74	0.011095	2966.2	0.000091	point
81	76	0.002708	724.0	0.000008	point
81	77	0.162963	43568.5	0.022028	point
76	77	0.001140	497.2	0.000002	point
79	76	0.003152	711.7	0.000009	point
79	77	0.996666	225032.9	0.002771	point
80	77	0.000093	28.9	0.000000	point
78	77	0.000004	0.9	0.000000	point
59	77	0.001433	472.6	0.000003	point
59	58	0.938807	309636.2	0.057269	point
79	58	0.000182	41.0	0.000000	point
62	77	0.000557	193.1	0.000000	point
80	61	0.001163	361.9	0.000001	point
61	62	0.000447	102.4	0.000000	point
61	61	0.000421	96.4	0.000000	point
59	56	0.057418	18937.6	0.004908	point
62	60	0.077268	26810.4	0.007614	point
61	56	0.020592	4719.0	0.000456	point
152	70	0.000276	54.9	0.000000	point
155	153	0.993778	257813.0	0.006173	point
155	150	0.000236	61.1	0.000000	point
152	153	0.000066	13.2	0.000000	point
164	162	0.995041	209400.4	0.004923	point
155	162	0.000017	4.3	0.000000	point
164	153	0.000173	36.4	0.000000	point
162	160	0.998561	234016.6	0.001435	point
162	150	0.000266	62.3	0.000000	point
164	160	0.000479	100.7	0.000000	point
162	162	0.000305	71.5	0.000000	point
66	150	0.000022	4.2	0.000000	point
156	150	0.000031	7.3	0.000000	point
66	154	0.000010	1.9	0.000000	point
159	154	0.000058	14.1	0.000000	point
162	157	0.000315	73.8	0.000000	point
156	157	0.000004	0.9	0.000000	point
162	154	0.000347	81.3	0.000000	point
156	160	0.000018	4.2	0.000000	point
152	154	0.000130	25.9	0.000000	point
165	163	0.999367	246104.3	0.000633	point
162	163	0.000069	16.2	0.000000	point
165	160	0.000285	70.3	0.000000	point
159	160	0.000105	25.6	0.000000	point
165	162	0.000080	19.6	0.000000	point
164	163	0.000023	4.8	0.000000	point
163	161	0.998811	239032.7	0.001183	point
165	161	0.000122	30.0	0.000000	point
163	160	0.000475	113.6	0.000000	point
162	161	0.000137	32.1	0.000000	point
163	162	0.000715	171.0	0.000001	point
164	161	0.004285	901.7	0.000016	point
195	193	0.997653	181701.0	0.001547	point
195	162	0.000044	8.0	0.000000	point
166	164	0.998661	238869.7	0.001336	point
166	162	0.000939	224.5	0.000001	point
166	163	0.000053	12.6	0.000000	point
234	233	0.999741	272068.7	0.000252	point
227	228	0.000340	66.6	0.000000	point
227	226	0.999576	195660.0	0.000396	point
229	226	0.056630	13728.1	0.003499	point
231	230	0.998969	223843.4	0.001030	point
231	226	0.000687	153.9	0.000001	point
227	230	0.000084	16.4	0.000000	point
231	233	0.000291	65.2	0.000000	point
234	230	0.000031	8.5	0.000000	point
230	230	0.000235	50.7	0.000000	point
230	226	0.000164	35.4	0.000000	point
228	229	0.036476	12752.1	0.001962	point
228	211	0.000016	5.7	0.000000	point
231	229	0.000054	12.0	0.000000	point
233	232	0.978845	329119.4	0.020703	point
228	230	0.000009	3.0	0.000000	point
228	212	0.000013	4.5	0.000000	point
215	227	0.000896	275.4	0.000001	point
228	213	0.000089	31.0	0.000000	point
217	215	0.918944	336666.7	0.074466	point
215	215	0.000236	72.4	0.000000	point
228	232	0.000119	41.7	0.000000	point
232	231	0.999754	279976.5	0.000246	point
233	231	0.000045	15.1	0.000000	point
246	245	0.992463	295247.7	0.007469	point
246	231	0.000872	259.3	0.000001	point
234	231	0.000108	29.5	0.000000	point
232	233	0.000132	36.9	0.000000	point
233	233	0.021110	7097.8	0.000525	point
234	232	0.000104	28.4	0.000000	point
235	234	0.999516	208742.2	0.000484	point
234	234	0.000015	4.0	0.000000	point
167	165	0.998987	220546.3	0.001011	point
239	238	0.987045	205605.7	0.012775	point
239	234	0.000113	23.6	0.000000	point
235	238	0.000273	57.1	0.000000	point
237	236	0.999301	202179.3	0.000698	point
237	238	0.000185	37.4	0.000000	point
239	236	0.000015	3.1	0.000000	point
167	194	0.000142	31.3	0.000000	point
196	194	0.760686	178824.6	0.124071	point
239	194	0.000874	182.0	0.000001	point
239	237	0.011953	2489.8	0.000153	point
238	237	0.999919	188765.1	0.000079	point
240	238	0.000478	99.7	0.000000	point
240	239	0.998022	208233.9	0.001968	point
237	239	0.000106	21.4	0.000000	point
240	236	0.000145	30.2	0.000000	point
237	231	0.000175	35.5	0.000000	point
232	236	0.000041	11.5	0.000000	point
235	236	0.000026	5.5	0.000000	point
237	234	0.000144	29.2	0.000000	point
232	234	0.000062	17.5	0.000000	point
235	231	0.000184	38.5	0.000000	point
246	236	0.000015	4.6	0.000000	point
237	245	0.000088	17.9	0.000000	point
236	235	0.996315	235259.4	0.003662	point
242	245	0.000179	44.8	0.000000	point
242	241	0.997436	249326.5	0.002482	point
245	244	0.880903	270453.0	0.101514	point
245	245	0.000080	24.6	0.000000	point
244	243	0.972657	246293.7	0.023090	point
244	245	0.001364	345.4	0.000002	point
246	241	0.000142	42.2	0.000000	point
246	243	0.001956	581.9	0.000004	point
244	244	0.023973	6070.5	0.000508	point
245	243	0.118422	36357.6	0.013380	point
243	244	0.004696	1633.0	0.000027	point
243	243	0.001295	450.2	0.000002	point
243	242	0.972660	338233.3	0.026543	point
244	242	0.001703	431.3	0.000002	point
245	242	0.000595	182.7	0.000000	point
244	241	0.000302	76.4	0.000000	point
242	243	0.000008	2.0	0.000000	point
242	235	0.002338	584.3	0.000006	point
236	241	0.000210	49.7	0.000000	point
236	236	0.000629	148.5	0.000000	point
236	239	0.002688	634.6	0.000008	point
240	237	0.001317	274.8	0.000002	point
196	195	0.238878	56156.1	0.037292	point
238	195	0.000081	15.2	0.000000	point
196	237	0.000369	86.8	0.000000	point
197	195	0.999575	212621.0	0.000330	point
248	247	0.999937	264940.4	0.000063	point
248	239	0.000015	4.1	0.000000	point
248	237	0.000011	3.0	0.000000	point
236	247	0.000158	37.4	0.000000	point
250	249	1.000000	258009.6	0.000000	point
242	242	0.000040	9.9	0.000000	point
243	241	0.021311	7410.8	0.000602	point
248	235	0.000025	6.7	0.000000	point
240	235	0.000038	8.0	0.000000	point
241	240	0.999960	318716.0	0.000040	point
254	253	0.999819	254315.4	0.000181	point
254	240	0.000059	15.0	0.000000	point
241	242	0.000015	4.8	0.000000	point
243	240	0.000038	13.3	0.000000	point
246	242	0.000007	2.2	0.000000	point
246	244	0.004544	1351.9	0.000022	point
232	245	0.000011	3.0	0.000000	point
217	245	0.000008	3.0	0.000000	point
241	215	0.000018	5.8	0.000000	point
217	240	0.000007	2.5	0.000000	point
217	213	0.081036	29688.6	0.006565	point
254	213	0.000022	5.5	0.000000	point
216	252	0.000016	5.9	0.000000	point
253	253	0.000015	5.0	0.000000	point
217	253	0.000004	1.6	0.000000	point
254	215	0.000045	11.5	0.000000	point
254	252	0.000023	5.8	0.000000	point
270	270	0.998887	304359.5	0.001112	point
270	253	0.000053	16.1	0.000000	point
269	269	0.999744	249748.6	0.000256	point
270	269	0.000043	13.1	0.000000	point
269	270	0.000085	21.3	0.000000	point
254	270	0.000033	8.3	0.000000	point
270	240	0.000776	236.5	0.000001	point
268	240	0.000185	57.4	0.000000	point
268	268	0.999671	310685.7	0.000329	point
270	268	0.000241	73.5	0.000000	point
276	276	0.999155	276536.7	0.000844	point
276	240	0.000062	17.1	0.000000	point
268	276	0.000015	4.8	0.000000	point
241	268	0.000007	2.2	0.000000	point
268	270	0.000083	25.9	0.000000	point
269	268	0.000106	26.6	0.000000	point
264	269	0.000297	97.5	0.000000	point
276	268	0.000013	3.5	0.000000	point
267	268	0.000086	31.5	0.000000	point
267	267	0.999847	366334.7	0.000153	point
268	267	0.000046	14.2	0.000000	point
264	264	0.999137	328486.9	0.000861	point
261	261	0.996981	248874.0	0.003009	point
262	261	0.000064	18.8	0.000000	point
262	262	0.999022	295509.7	0.000977	point
263	263	0.999697	255748.0	0.000303	point
263	269	0.000303	77.6	0.000000	point
289	291	0.000213	61.7	0.000000	point
262	263	0.000050	14.8	0.000000	point
289	262	0.000065	18.8	0.000000	point
261	264	0.000227	56.6	0.000000	point
266	266	0.999694	326240.4	0.000306	point
264	266	0.000011	3.5	0.000000	point
259	259	0.992491	294418.0	0.007063	point
259	264	0.001522	451.4	0.000002	point
264	259	0.000468	153.9	0.000000	point
259	265	0.003407	1010.6	0.000011	point
265	265	0.994066	310777.0	0.005736	point
264	265	0.000088	28.8	0.000000	point
265	259	0.004225	1320.8	0.000018	point
259	258	0.002581	765.5	0.000007	point
258	258	0.953874	298458.9	0.043787	point
258	259	0.045976	14385.6	0.002031	point
261	258	0.001217	303.7	0.000001	point
258	261	0.000150	46.9	0.000000	point
261	259	0.001576	393.3	0.000002	point
262	258	0.000838	248.0	0.000001	point
260	262	0.000302	113.1	0.000000	point
260	260	0.978686	366770.2	0.020859	point
260	258	0.000325	121.9	0.000000	point
262	260	0.000026	7.7	0.000000	point
260	265	0.020524	7691.4	0.000484	point
266	265	0.000275	89.6	0.000000	point
265	258	0.000004	1.3	0.000000	point
290	260	0.000001	0.3	0.000000	point
260	290	0.000031	11.6	0.000000	point
290	289	0.000064	17.8	0.000000	point
280	290	0.000201	56.0	0.000000	point
280	260	0.000003	0.7	0.000000	point
279	279	0.999979	330720.2	0.000021	point
272	279	0.000318	92.2	0.000000	point
280	279	0.000033	9.2	0.000000	point
279	280	0.000004	1.4	0.000000	point
260	280	0.000005	1.7	0.000000	point
260	279	0.000127	47.7	0.000000	point
278	278	0.998650	276465.2	0.001347	point
279	272	0.000017	5.7	0.000000	point
272	278	0.000369	107.1	0.000000	point
278	272	0.000008	2.2	0.000000	point
277	277	0.998853	273785.4	0.001145	point
275	275	0.995214	312232.8	0.004756	point
278	275	0.001277	353.4	0.000001	point
275	278	0.000628	197.1	0.000000	point
274	274	0.999196	318516.7	0.000799	point
277	274	0.000057	15.5	0.000000	point
278	277	0.000065	18.1	0.000000	point
277	187	0.000838	229.8	0.000001	point
277	276	0.000011	3.0	0.000000	point
276	277	0.000079	22.0	0.000000	point
267	276	0.000043	15.9	0.000000	point
276	267	0.000125	34.6	0.000000	point
277	267	0.000191	52.4	0.000000	point
267	277	0.000007	2.4	0.000000	point
265	279	0.000002	0.5	0.000000	point
265	266	0.001704	532.6	0.000003	point
266	267	0.000003	1.0	0.000000	point
267	266	0.000017	6.1	0.000000	point
269	266	0.000064	16.1	0.000000	point
266	269	0.000029	9.4	0.000000	point
249	248	0.999667	250954.5	0.000332	point
276	248	0.000552	152.8	0.000000	point
249	276	0.000013	3.2	0.000000	point
247	246	0.999699	241444.4	0.000300	point
249	246	0.000210	52.8	0.000000	point
187	186	0.993101	319507.9	0.006843	point
187	248	0.000051	16.4	0.000000	point
247	248	0.000123	29.8	0.000000	point
187	246	0.001174	377.7	0.000002	point
277	186	0.000050	13.8	0.000000	point
187	277	0.000029	9.2	0.000000	point
188	186	0.001148	311.7	0.000001	point
188	277	0.000414	112.3	0.000000	point
188	274	0.001731	469.9	0.000003	point
274	187	0.000231	73.6	0.000000	point
274	277	0.000252	80.3	0.000000	point
275	274	0.004116	1291.3	0.000017	point
275	187	0.000042	13.1	0.000000	point
274	275	0.000322	102.5	0.000000	point
208	275	0.000000	0.1	0.000000	point
186	185	0.998371	352521.6	0.001620	point
186	187	0.000066	23.3	0.000000	point
186	183	0.000032	11.4	0.000000	point
185	184	0.997323	361616.7	0.002658	point
186	184	0.001436	507.0	0.000002	point
186	186	0.000095	33.4	0.000000	point
187	185	0.003818	1228.5	0.000013	point
187	184	0.000012	3.7	0.000000	point
185	186	0.000012	4.4	0.000000	point
180	179	0.750389	254885.3	0.186197	point
185	179	0.002442	885.3	0.000008	point
177	176	0.717888	241487.8	0.201391	point
177	179	0.000010	3.3	0.000000	point
183	182	0.989883	227779.0	0.006075	point
183	179	0.000037	8.6	0.000000	point
183	184	0.004459	1026.1	0.000013	point
185	182	0.000223	80.8	0.000000	point
183	176	0.005536	1273.9	0.000029	point
182	182	0.286437	147616.0	0.080354	point
176	182	0.000012	3.0	0.000000	point
183	175	0.000018	4.1	0.000000	point
182	181	0.713561	367734.9	0.204346	point
183	183	0.000003	0.6	0.000000	point
184	180	0.000017	4.6	0.000000	point
181	181	0.000033	9.4	0.000000	point
176	177	0.000002	0.4	0.000000	point
183	181	0.000063	14.6	0.000000	point
181	175	0.000162	45.7	0.000000	point
176	181	0.000229	58.0	0.000000	point
182	175	0.000002	1.0	0.000000	point
174	172	0.951403	286482.5	0.046202	point
177	171	0.000076	25.5	0.000000	point
177	172	0.000077	25.9	0.000000	point
174	176	0.000005	1.5	0.000000	point
176	176	0.000315	80.0	0.000000	point
180	176	0.000012	4.0	0.000000	point
177	174	0.281950	94844.1	0.083676	point
174	174	0.032135	9676.4	0.001312	point
180	174	0.249333	84691.1	0.069077	point
187	179	0.001815	584.0	0.000004	point
247	179	0.000149	35.9	0.000000	point
180	246	0.000267	90.7	0.000000	point
247	174	0.000029	7.0	0.000000	point
175	174	0.133332	40255.5	0.020271	point
175	173	0.866638	261654.3	0.113430	point
248	173	0.000011	3.0	0.000000	point
249	247	0.000109	27.4	0.000000	point
251	250	0.999853	291085.5	0.000147	point
276	250	0.000014	3.9	0.000000	point
251	248	0.000081	23.5	0.000000	point
249	250	0.000000	0.1	0.000000	point
251	249	0.000067	19.4	0.000000	point
190	189	0.985262	211864.3	0.012195	point
190	195	0.013787	2964.7	0.000147	point
190	168	0.000906	194.8	0.000001	point
170	168	0.999313	215826.3	0.000685	point
170	189	0.000015	3.3	0.000000	point
197	189	0.000074	15.7	0.000000	point
197	191	0.000351	74.6	0.000000	point
192	191	0.991609	242497.0	0.008317	point
189	189	0.180288	40377.8	0.023655	point
189	188	0.819700	183581.9	0.106033	point
54	53	0.998992	283008.5	0.001003	point
189	53	0.000011	2.5	0.000000	point
171	169	0.999475	233122.3	0.000524	point
169	167	0.995921	293617.7	0.004053	point
169	168	0.000326	96.2	0.000000	point
170	53	0.000100	21.7	0.000000	point
54	168	0.000009	2.5	0.000000	point
169	53	0.002667	786.2	0.000007	point
54	167	0.000536	151.8	0.000000	point
170	167	0.000557	120.2	0.000000	point
168	53	0.001621	372.3	0.000002	point
168	166	0.994261	228370.4	0.005697	point
169	166	0.001086	320.3	0.000002	point
168	167	0.001730	397.3	0.000002	point
171	167	0.000033	7.7	0.000000	point
171	166	0.000111	25.8	0.000000	point
171	168	0.000017	4.0	0.000000	point
170	169	0.000014	3.1	0.000000	point
174	173	0.016435	4948.9	0.000300	point
175	168	0.000030	9.0	0.000000	point
174	169	0.000000	0.1	0.000000	point
172	169	0.000037	9.0	0.000000	point
173	172	0.000648	177.3	0.000000	point
174	171	0.000021	6.4	0.000000	point
173	170	0.000131	35.8	0.000000	point
149	170	0.000015	4.2	0.000000	point
171	170	0.000030	7.0	0.000000	point
168	169	0.000795	182.7	0.000001	point
148	166	0.000021	5.4	0.000000	point
171	146	0.000078	18.3	0.000000	point
171	147	0.000256	59.6	0.000000	point
149	169	0.000104	28.4	0.000000	point
138	136	0.919376	312156.2	0.074076	point
148	136	0.000004	1.0	0.000000	point
168	146	0.000523	120.1	0.000000	point
137	135	0.719567	192051.1	0.177234	point
168	135	0.000099	22.7	0.000000	point
47	46	0.999874	231468.5	0.000125	point
137	46	0.000553	147.7	0.000000	point
136	46	0.000733	160.0	0.000001	point
136	134	0.998268	218049.4	0.001287	point
137	134	0.279863	74695.0	0.051386	point
136	135	0.000004	0.9	0.000000	point
138	135	0.078071	26507.6	0.008725	point
147	136	0.000656	195.3	0.000000	point
138	145	0.000108	36.6	0.000000	point
132	136	0.000017	5.4	0.000000	point
138	130	0.000188	63.9	0.000000	point
132	135	0.000220	70.7	0.000000	point
138	131	0.001997	678.2	0.000004	point
133	135	0.000022	7.6	0.000000	point
136	131	0.000174	38.0	0.000000	point
138	134	0.000259	88.1	0.000000	point
133	134	0.000269	91.8	0.000000	point
134	132	0.999003	302714.1	0.000994	point
136	132	0.000396	86.5	0.000000	point
134	134	0.000050	15.0	0.000000	point
134	133	0.000668	202.4	0.000001	point
135	132	0.000190	50.8	0.000000	point
133	132	0.001521	518.1	0.000003	point
134	131	0.000157	47.7	0.000000	point
134	38	0.000122	37.0	0.000000	point
39	132	0.000317	83.2	0.000000	point
34	133	0.000267	66.6	0.000000	point
41	40	0.998877	245449.8	0.001120	point
34	40	0.000100	24.9	0.000000	point
135	40	0.000619	165.8	0.000000	point
41	133	0.000351	86.3	0.000000	point
41	134	0.000081	20.0	0.000000	point
136	40	0.000425	92.9	0.000000	point
41	46	0.000152	37.4	0.000000	point
47	40	0.000059	13.6	0.000000	point
41	47	0.000016	4.0	0.000000	point
48	47	0.995327	312021.6	0.004650	point
44	43	0.995802	300599.1	0.004162	point
41	43	0.000078	19.2	0.000000	point
44	40	0.000089	26.8	0.000000	point
42	41	0.975200	238039.1	0.022914	point
42	43	0.005382	1313.7	0.000023	point
44	41	0.004066	1227.5	0.000020	point
43	42	0.955719	256985.5	0.041346	point
48	42	0.004198	1316.1	0.000021	point
43	47	0.000118	31.6	0.000000	point
43	41	0.044164	11875.3	0.001995	point
48	41	0.000324	101.6	0.000000	point
42	42	0.019418	4739.8	0.000343	point
49	47	0.000054	14.3	0.000000	point
49	48	0.999749	266814.9	0.000251	point
48	48	0.000127	39.8	0.000000	point
47	47	0.000013	3.0	0.000000	point
47	48	0.000041	9.5	0.000000	point
53	52	0.997907	236640.0	0.002087	point
53	46	0.000614	145.6	0.000000	point
137	166	0.000016	4.4	0.000000	point
168	46	0.000971	223.1	0.000001	point
47	52	0.000013	3.0	0.000000	point
49	46	0.000009	2.3	0.000000	point
50	49	0.999892	262725.5	0.000108	point
50	52	0.000092	24.1	0.000000	point
53	49	0.000625	148.1	0.000000	point
54	52	0.000463	131.3	0.000000	point
53	53	0.000394	93.5	0.000000	point
51	50	0.999820	252622.6	0.000180	point
46	45	0.999409	283446.4	0.000591	point
46	50	0.000385	109.1	0.000000	point
49	49	0.000094	25.0	0.000000	point
49	45	0.000095	25.4	0.000000	point
46	47	0.000047	13.3	0.000000	point
45	44	0.999854	261947.2	0.000146	point
44	44	0.000014	4.2	0.000000	point
48	44	0.000024	7.5	0.000000	point
46	44	0.000014	4.1	0.000000	point
45	45	0.000097	25.4	0.000000	point
51	45	0.000038	9.5	0.000000	point
52	51	0.999848	244049.3	0.000152	point
51	49	0.000142	35.9	0.000000	point
50	50	0.000016	4.1	0.000000	point
50	51	0.000000	0.1	0.000000	point
68	67	0.654835	167697.9	0.143800	point
52	67	0.000081	19.7	0.000000	point
67	66	0.999923	187564.8	0.000052	point
46	51	0.000028	8.0	0.000000	point
68	66	0.344953	88339.7	0.072312	point
69	68	0.999946	240560.9	0.000054	point
72	67	0.371680	91182.3	0.080786	point
75	73	0.855256	199845.6	0.097869	point
75	68	0.000029	6.7	0.000000	point
53	68	0.000106	25.1	0.000000	point
53	188	0.000354	84.0	0.000000	point
191	188	0.334301	72214.9	0.062807	point
191	190	0.665064	143665.6	0.125879	point
193	192	0.999185	290032.6	0.000815	point
190	191	0.000045	9.6	0.000000	point
192	195	0.008294	2028.3	0.000061	point
192	192	0.000012	3.0	0.000000	point
192	190	0.000011	2.6	0.000000	point
193	190	0.000815	236.7	0.000001	point
191	192	0.000077	16.6	0.000000	point
196	191	0.000067	15.7	0.000000	point
192	194	0.000074	18.1	0.000000	point
194	194	0.290225	83212.8	0.065330	point
194	190	0.384782	110324.0	0.102728	point
74	72	0.998148	220075.1	0.001602	point
191	72	0.000259	55.9	0.000000	point
191	73	0.000300	64.7	0.000000	point
74	73	0.000624	137.5	0.000000	point
75	72	0.144569	33781.0	0.016446	point
73	71	0.999645	259239.2	0.000326	point
75	71	0.000066	15.5	0.000000	point
73	73	0.000355	92.1	0.000000	point
74	71	0.000312	68.7	0.000000	point
167	193	0.000332	73.4	0.000000	point
194	193	0.324649	93082.8	0.074234	point
195	194	0.000572	104.1	0.000000	point
74	194	0.000032	7.0	0.000000	point
195	72	0.000033	6.0	0.000000	point
194	72	0.000343	98.3	0.000000	point
166	193	0.000169	40.5	0.000000	point
195	165	0.000476	86.7	0.000000	point
167	164	0.000539	118.9	0.000000	point
166	165	0.000178	42.6	0.000000	point
165	165	0.000147	36.1	0.000000	point
195	164	0.000450	82.0	0.000000	point
195	153	0.000772	140.6	0.000000	point
154	152	0.882110	289714.4	0.100036	point
155	193	0.000012	3.2	0.000000	point
74	193	0.000094	20.8	0.000000	point
74	153	0.000041	9.1	0.000000	point
154	153	0.000314	103.0	0.000000	point
155	152	0.005529	1434.3	0.000026	point
153	151	0.960217	258991.3	0.033228	point
153	152	0.037157	10022.1	0.001191	point
154	151	0.117576	38616.0	0.013456	point
153	150	0.002144	578.2	0.000006	point
152	151	0.000158	31.3	0.000000	point
155	151	0.000429	111.2	0.000000	point
74	150	0.000750	165.3	0.000001	point
153	153	0.000482	130.1	0.000000	point
72	70	0.318224	78068.3	0.061274	point
72	150	0.000016	4.0	0.000000	point
72	73	0.214583	52642.6	0.035098	point
72	71	0.093952	23048.8	0.006948	point
75	67	0.000081	18.9	0.000000	point
72	68	0.001506	369.4	0.000002	point
69	67	0.000054	12.9	0.000000	point
70	69	0.984127	295395.1	0.015618	point
72	69	0.000039	9.6	0.000000	point
70	67	0.015515	4656.9	0.000270	point
68	69	0.000178	45.6	0.000000	point
70	66	0.000358	107.6	0.000000	point
68	60	0.000033	8.5	0.000000	point
57	56	0.999404	185139.2	0.000528	point
67	56	0.000077	14.4	0.000000	point
38	37	0.997267	222054.0	0.002725	point
38	56	0.000131	29.2	0.000000	point
12	13	0.789002	192974.5	0.129590	point
13	12	0.999449	215118.5	0.000444	point
57	13	0.000124	23.0	0.000000	point
57	12	0.000375	69.4	0.000000	point
17	17	0.633308	152616.8	0.145974	point
12	17	0.000026	6.4	0.000000	point
17	14	0.139278	33563.8	0.014914	point
14	14	0.999568	236193.0	0.000378	point
15	14	0.000119	25.3	0.000000	point
15	15	0.999881	213092.9	0.000091	point
14	15	0.000432	102.0	0.000000	point
17	13	0.227386	54796.4	0.038832	point
13	13	0.000519	111.7	0.000000	point
12	12	0.210406	51461.2	0.032044	point
9	9	0.999041	216637.5	0.000949	point
6	6	0.997750	218868.7	0.002228	point
9	6	0.000088	19.1	0.000000	point
6	9	0.000393	86.2	0.000000	point
8	8	0.998624	316908.3	0.001355	point
8	9	0.000053	16.8	0.000000	point
9	8	0.000123	26.7	0.000000	point
11	9	0.008283	1964.1	0.000074	point
11	11	0.990282	234818.9	0.009604	point
9	11	0.000748	162.2	0.000001	point
12	11	0.000566	138.4	0.000000	point
11	12	0.000331	78.4	0.000000	point
10	10	0.996998	322439.1	0.002976	point
10	11	0.000492	159.0	0.000000	point
11	10	0.001059	251.2	0.000001	point
13	10	0.000033	7.0	0.000000	point
38	12	0.000357	79.4	0.000000	point
38	10	0.001224	272.6	0.000001	point
38	44	0.000032	7.1	0.000000	point
46	66	0.000117	33.2	0.000000	point
52	45	0.000071	17.4	0.000000	point
45	37	0.000003	0.8	0.000000	point
36	35	0.998897	217097.4	0.001101	point
45	35	0.000046	12.0	0.000000	point
38	35	0.000013	3.0	0.000000	point
37	36	0.997759	259348.3	0.002228	point
38	36	0.000975	217.2	0.000001	point
37	37	0.000052	13.5	0.000000	point
24	10	0.002340	785.3	0.000006	point
24	23	0.991500	332754.3	0.008401	point
10	23	0.000633	204.6	0.000000	point
24	18	0.005569	1869.1	0.000030	point
19	10	0.000392	149.3	0.000000	point
23	10	0.000422	125.7	0.000000	point
23	22	0.983970	292857.7	0.014379	point
10	22	0.000092	29.7	0.000000	point
19	22	0.071469	27234.1	0.005626	point
19	18	0.898186	342264.9	0.089982	point
10	18	0.000360	116.4	0.000000	point
23	18	0.007962	2369.6	0.000054	point
22	22	0.004028	1135.3	0.000014	point
23	21	0.006767	2014.2	0.000047	point
22	21	0.984487	277451.3	0.014749	point
19	21	0.011212	4272.6	0.000165	point
22	18	0.000620	174.7	0.000000	point
21	20	0.983156	251150.2	0.016154	point
21	21	0.013530	3456.3	0.000161	point
22	20	0.002741	772.4	0.000008	point
21	19	0.000474	121.1	0.000000	point
19	20	0.003170	1208.1	0.000015	point
19	19	0.015571	5933.5	0.000349	point
37	23	0.002189	569.0	0.000004	point
24	36	0.000554	185.8	0.000000	point
36	37	0.000044	9.5	0.000000	point
36	36	0.000164	35.6	0.000000	point
20	19	0.977281	254444.8	0.021681	point
20	18	0.004023	1047.3	0.000012	point
20	20	0.014887	3876.0	0.000221	point
21	7	0.002817	719.5	0.000006	point
7	20	0.001437	460.2	0.000003	point
20	7	0.003809	991.7	0.000012	point
7	19	0.000194	62.1	0.000000	point
31	23	0.001234	316.3	0.000001	point
31	30	0.996527	255447.8	0.003460	point
24	30	0.000038	12.6	0.000000	point
31	36	0.001994	511.2	0.000004	point
35	34	0.998008	245856.3	0.001956	point
36	34	0.000893	194.0	0.000001	point
36	43	0.000003	0.7	0.000000	point
44	35	0.000029	8.7	0.000000	point
41	35	0.000134	32.9	0.000000	point
34	34	0.000387	96.7	0.000000	point
41	33	0.000310	76.1	0.000000	point
35	35	0.000319	78.5	0.000000	point
55	54	0.943754	355344.9	0.052487	point
55	34	0.002093	788.0	0.000007	point
35	54	0.000852	209.9	0.000000	point
35	33	0.000015	3.8	0.000000	point
29	32	0.000003	1.0	0.000000	point
29	33	0.000381	113.9	0.000000	point
29	55	0.000905	270.8	0.000001	point
56	55	0.982819	310928.4	0.015822	point
29	54	0.000908	271.7	0.000001	point
34	54	0.008407	2098.5	0.000049	point
55	55	0.054153	20389.9	0.003147	point
34	28	0.000083	20.6	0.000000	point
56	54	0.004580	1448.8	0.000018	point
56	34	0.008960	2834.7	0.000101	point
30	29	0.999405	231044.7	0.000591	point
35	29	0.000115	28.4	0.000000	point
35	55	0.000454	111.8	0.000000	point
30	55	0.000523	120.8	0.000000	point
56	29	0.003641	1151.9	0.000018	point
31	29	0.000237	60.8	0.000000	point
30	30	0.000072	16.7	0.000000	point
35	30	0.000236	58.2	0.000000	point
31	34	0.000008	2.0	0.000000	point
3	3	0.998643	220044.6	0.001354	point
4	4	0.996978	251430.5	0.003006	point
4	3	0.000004	1.0	0.000000	point
3	4	0.000180	39.7	0.000000	point
3	2	0.000354	77.9	0.000000	point
2	1	0.000534	124.8	0.000000	point
1	2	0.000016	4.6	0.000000	point
1	1	0.999733	295858.3	0.000266	point
4	2	0.000006	1.6	0.000000	point
2	4	0.000010	2.4	0.000000	point
4	1	0.001013	255.5	0.000001	point
1	4	0.000251	74.3	0.000000	point
7	3	0.000642	205.8	0.000001	point
3	7	0.000810	178.4	0.000000	point
7	8	0.003497	1120.3	0.000012	point
8	7	0.000286	90.7	0.000000	point
4	6	0.000789	199.0	0.000001	point
6	4	0.000138	30.2	0.000000	point
6	8	0.001039	227.9	0.000001	point
8	3	0.000020	6.3	0.000000	point
8	6	0.000040	12.8	0.000000	point
3	6	0.000014	3.0	0.000000	point
8	21	0.000308	97.8	0.000000	point
21	8	0.000023	5.9	0.000000	point
22	8	0.008124	2289.6	0.000057	point
23	8	0.000879	261.6	0.000001	point
10	8	0.001426	461.1	0.000002	point
8	10	0.000618	196.1	0.000000	point
8	11	0.000051	16.1	0.000000	point
11	8	0.000045	10.7	0.000000	point
5	5	0.993492	269462.7	0.006455	point
5	6	0.005169	1402.0	0.000033	point
6	5	0.000681	149.3	0.000000	point
4	5	0.001209	304.9	0.000001	point
5	4	0.001339	363.2	0.000002	point
16	15	0.308652	66248.1	0.050588	point
16	16	0.434898	93345.1	0.090545	point
16	17	0.256450	55043.6	0.043229	point
18	16	0.820025	159988.2	0.093193	point
18	17	0.179975	35113.5	0.021344	point
59	17	0.000010	3.3	0.000000	point
57	17	0.000072	13.4	0.000000	point
57	58	0.000025	4.6	0.000000	point
59	76	0.001761	580.9	0.000004	point
78	58	0.003937	886.4	0.000011	point
77	76	0.002596	782.3	0.000008	point
60	58	0.000023	7.5	0.000000	point
60	57	0.111986	36891.6	0.016715	point
59	57	0.000571	188.3	0.000000	point
77	58	0.000105	31.6	0.000000	point
77	57	0.000005	1.6	0.000000	point
77	59	0.001541	464.3	0.000003	point
60	75	0.000319	105.0	0.000000	point
58	57	0.996718	182402.9	0.002719	point
58	16	0.000124	22.7	0.000000	point
17	16	0.000028	6.7	0.000000	point
58	59	0.003158	578.0	0.000006	point